isic_id,target
ISIC_0015657,0.7947583864576143
ISIC_0015729,0.7431375855589853
ISIC_0015740,0.9259663293980228
