isic_id,target
ISIC_0015657,0.7261817806302812
ISIC_0015729,0.5827551165643492
ISIC_0015740,0.8544371488065633
